MFg_UBgMpQA,2024-02-19T05:41:33+00:00
bJTmk8YyWbQ,2024-02-13T23:13:59+00:00
FpSQTEIvCr4,2024-02-13T15:49:59+00:00
ETyCK9mqhDI,2024-02-13T06:22:17+00:00
pEdlz9AUlqA,2024-02-13T06:20:32+00:00
s8XGElfPJwg,2024-02-13T06:14:17+00:00
M2Bj5cdS5zE,2024-02-13T06:14:14+00:00
QUOk5Cftpa4,2024-02-13T06:14:11+00:00
mZ8rhpxVpqs,2024-02-12T05:32:08+00:00
2oQrRBCoiwk,2024-02-11T21:46:34+00:00
Zso-QKYgq7k,2024-02-11T21:46:30+00:00
xfk2dG74pgc,2024-02-11T07:33:55+00:00
ptnGO3VJPlg,2024-02-10T17:09:35+00:00
Z38WsZFmq8E,2024-02-09T22:19:27+00:00
wy79SW016F8,2024-02-09T19:30:47+00:00
g0zA_e7-YSE,2024-02-08T18:11:43+00:00
lIgnu59xOSU,2024-02-08T17:16:51+00:00
56XuyQhuO7k,2024-02-07T21:19:33+00:00
Mri2T2_R8tw,2024-02-02T05:08:29+00:00
ybC5CI3_L6M,2024-02-02T05:08:18+00:00
BNQgepibVFI,2024-02-01T16:02:27+00:00
DF6r6f1fhks,2024-02-01T05:50:29+00:00
3JDDiFk5cgc,2024-02-01T00:45:01+00:00
HK-UDb5GgCs,2024-01-30T15:58:45+00:00
jQJYHSlz4Ss,2024-01-29T19:08:16+00:00
bXuHLQeY8AA,2024-01-27T06:49:16+00:00
n8V6sWH33GI,2024-01-27T06:39:27+00:00
UXInk1PCsc8,2024-01-27T04:00:32+00:00
OODA_K5hxyc,2024-01-27T04:00:28+00:00
Zc-EcRFrxcA,2024-01-27T03:51:17+00:00
qrpFwYII3Wg,2024-01-26T22:56:40+00:00
lGJEihgN4OU,2024-01-26T20:20:19+00:00